ObjectID,GlobalID,CreationDate,,Creator,EditDate,Editor,user_id,Wer bist du,type_id,Was hast du gemacht,Was für Sport,Wann hast du das gemacht,,Unbenannte Frage 9,Notizen,x,y,,,
11,faac7aa5-d096-4b21-82b2-ffd3e50e3544,12.06.2019 14:29,12.06.2019,,06.12.2019 14:29,,4,meike,2,sport,joggen,11.06.2019 00:00,06.11.2019,,,7.53692,47.13384,,,"INSERT INTO activities SET `user_id`=4, `type_id`=2, `date`='2019-11-6', `sum`=1;"
12,54f42353-5028-4e5a-8701-4187dd6c0094,12.06.2019 14:31,12.06.2019,Finklenburg,06.12.2019 14:31,Finklenburg,2,jan,2,sport,crossfit,11.06.2019 00:00,06.11.2019,,,7.47514,46.97448,,,"INSERT INTO activities SET `user_id`=2, `type_id`=2, `date`='2019-11-6', `sum`=1;"
13,f8aaca77-8f8b-4f28-8b8b-51b12583997e,12.06.2019 14:59,12.06.2019,Finklenburg,06.12.2019 14:59,Finklenburg,2,jan,1,bier,,10.06.2019 00:00,06.10.2019,,Test ,7.472213554,46.97047407,,,"INSERT INTO activities SET `user_id`=2, `type_id`=1, `date`='2019-10-6', `sum`=1;"
14,39471f2d-96f1-47d3-8113-98b6483fd83e,12.06.2019 19:57,12.06.2019,,06.12.2019 19:57,,5,bernhard,2,sport,,11.06.2019 00:00,06.11.2019,,Sommertraining  Flames,7.23222,46.60289,,,"INSERT INTO activities SET `user_id`=5, `type_id`=2, `date`='2019-11-6', `sum`=1;"
15,6c5189e1-5cc6-4d3b-8b32-b637d1dd434c,13.06.2019,13.06.2019,,6/13/2019 5:33:37 PM,,1,nora,2,sport,yoga,12.06.2019 00:00,06.12.2019,,,7.63165,47.05534,,,"INSERT INTO activities SET `user_id`=1, `type_id`=2, `date`='2019-12-6', `sum`=1;"
16,fbaddef1-6769-4f94-8592-c1024c9c13cf,13.06.2019,13.06.2019,,6/13/2019 5:34:17 PM,,4,meike,2,sport,yoga,13.06.2019,13.06.2019,,,7.63075,47.05571,,,"INSERT INTO activities SET `user_id`=4, `type_id`=2, `date`='2019-6-13', `sum`=1;"
17,7b044364-cc4d-47ff-8894-0c15c376ce4b,13.06.2019,13.06.2019,,6/13/2019 6:49:10 PM,,3,michele,1,bier,,13.06.2019,13.06.2019,,Bier zum grill,7.23222,46.60289,,,"INSERT INTO activities SET `user_id`=3, `type_id`=1, `date`='2019-6-13', `sum`=1;"
18,ac21918e-7b84-4c15-8bae-1e64ade0fae3,13.06.2019,13.06.2019,,6/13/2019 6:51:03 PM,,3,michele,1,bier,,12.06.2019 00:00,06.12.2019,,Geburtstag wein,7.43106,46.9332,,,"INSERT INTO activities SET `user_id`=3, `type_id`=1, `date`='2019-12-6', `sum`=1;"
19,8ebd8b5c-13a4-4f71-8e1d-e6d4d0678e9a,13.06.2019,13.06.2019,,6/13/2019 6:52:25 PM,,3,michele,1,bier,,10.06.2019 00:00,06.10.2019,,Ferienabschlussbier,-7.65167,37.12363,,,"INSERT INTO activities SET `user_id`=3, `type_id`=1, `date`='2019-10-6', `sum`=1;"
20,21218af5-5aa3-4d4d-8dd2-a130096e2315,14.06.2019,14.06.2019,,6/14/2019 4:38:38 AM,,5,bernhard,2,sport,,12.06.2019 00:00,06.12.2019,,Schwimmen,7.23222,46.60289,,,"INSERT INTO activities SET `user_id`=5, `type_id`=2, `date`='2019-12-6', `sum`=1;"
21,59c46204-6c72-40e8-8cf6-ca54dbc1b1b6,14.06.2019,14.06.2019,,6/14/2019 6:58:18 AM,,3,michele,2,sport,ruder_ergometer,13.06.2019,13.06.2019,,5*500m,7.43106,46.9332,,,"INSERT INTO activities SET `user_id`=3, `type_id`=2, `date`='2019-6-13', `sum`=1;"
22,e6a0c84a-21a3-4e51-8f13-47ad1d233921,14.06.2019,14.06.2019,,6/14/2019 5:42:31 PM,,4,meike,2,sport,radfahren,14.06.2019,14.06.2019,,,7.23222,46.60289,,,"INSERT INTO activities SET `user_id`=4, `type_id`=2, `date`='2019-6-14', `sum`=1;"
23,55bb0ad5-2162-46ae-885f-f8e64e2e5656,16.06.2019,16.06.2019,,6/16/2019 12:43:11 PM,,4,meike,1,bier,,14.06.2019,14.06.2019,,,7.27606,47.04428,,,"INSERT INTO activities SET `user_id`=4, `type_id`=1, `date`='2019-6-14', `sum`=1;"
24,f0c5bfde-2214-4e3a-811f-65380450d422,16.06.2019,16.06.2019,,6/16/2019 12:44:22 PM,,4,meike,2,sport,joggen,16.06.2019,16.06.2019,,,7.44278,46.9466,,,"INSERT INTO activities SET `user_id`=4, `type_id`=2, `date`='2019-6-16', `sum`=1;"
25,5244eb25-7a1f-407e-8923-a3a271a484e0,16.06.2019,16.06.2019,,6/16/2019 12:44:50 PM,,4,meike,1,bier,,16.06.2019,16.06.2019,,,7.23222,46.60289,,,"INSERT INTO activities SET `user_id`=4, `type_id`=1, `date`='2019-6-16', `sum`=1;"
26,afb1c0ce-754c-4fc7-80b1-0c34eca8aab2,16.06.2019,16.06.2019,,6/16/2019 4:56:20 PM,,1,nora,1,bier,,13.06.2019,13.06.2019,,,7.27622,47.04447,,,"INSERT INTO activities SET `user_id`=1, `type_id`=1, `date`='2019-6-13', `sum`=1;"
27,4ab34d74-2262-40ea-8282-6814a66369cd,16.06.2019,16.06.2019,,6/16/2019 4:57:25 PM,,1,nora,1,bier,,15.06.2019,15.06.2019,,,7.44913,46.94422,,,"INSERT INTO activities SET `user_id`=1, `type_id`=1, `date`='2019-6-15', `sum`=1;"
28,42023e60-06cf-4a29-817d-a74b26067d83,16.06.2019,16.06.2019,,6/16/2019 4:58:13 PM,,1,nora,2,sport,joggen,15.06.2019,15.06.2019,,,7.44421,46.94692,,,"INSERT INTO activities SET `user_id`=1, `type_id`=2, `date`='2019-6-15', `sum`=1;"
29,1f443332-ebe9-4dc4-8475-f50f4d8ff49c,16.06.2019,16.06.2019,,6/16/2019 6:41:13 PM,,3,michele,2,sport,radfahren,16.06.2019,16.06.2019,,38km ebike,7.0473,46.90143,,,"INSERT INTO activities SET `user_id`=3, `type_id`=2, `date`='2019-6-16', `sum`=1;"
30,0a07aaa4-d783-4d54-8c34-38a0e9b4b0d2,16.06.2019,16.06.2019,,6/16/2019 6:42:16 PM,,3,michele,1,bier,,15.06.2019,15.06.2019,,2 bier beim camping,7.0473,46.90283,,,"INSERT INTO activities SET `user_id`=3, `type_id`=1, `date`='2019-6-15', `sum`=1;"
31,604d27bb-9168-437f-8ca5-29793bba8e96,16.06.2019,16.06.2019,,6/16/2019 6:43:10 PM,,3,michele,1,bier,,14.06.2019,14.06.2019,,Campingparty 😊,7.04833,46.9026,,,"INSERT INTO activities SET `user_id`=3, `type_id`=1, `date`='2019-6-14', `sum`=1;"
32,1628ca19-0172-4c78-8ef6-8b06f12dc8d4,16.06.2019,16.06.2019,,6/16/2019 6:44:25 PM,,3,michele,2,sport,radfahren,16.06.2019,16.06.2019,,Burgdorf- avenches via bern 63km ebike,7.04833,46.9019,,,"INSERT INTO activities SET `user_id`=3, `type_id`=2, `date`='2019-6-16', `sum`=1;"
33,3ab5b8aa-75b4-4d59-8193-481dd026cfc8,17.06.2019,17.06.2019,,6/17/2019 4:17:10 AM,,1,nora,2,sport,joggen,15.06.2019,15.06.2019,,,7.23222,46.60289,,,"INSERT INTO activities SET `user_id`=1, `type_id`=2, `date`='2019-6-15', `sum`=1;"
34,b08ba156-c99f-4112-8b20-1c445162b6e2,17.06.2019,17.06.2019,,6/17/2019 4:46:10 AM,,4,meike,2,sport,joggen,17.06.2019,17.06.2019,,,7.44286,46.94672,,,"INSERT INTO activities SET `user_id`=4, `type_id`=2, `date`='2019-6-17', `sum`=1;"
35,bf4af65a-00e2-4cc5-83fd-137d651691af,19.06.2019,19.06.2019,,6/19/2019 5:56:06 AM,,3,michele,1,bier,,18.06.2019,18.06.2019,,Grillparty,7.43106,46.9332,,,"INSERT INTO activities SET `user_id`=3, `type_id`=1, `date`='2019-6-18', `sum`=1;"
36,c98986fc-2624-43a0-a2ee-7e9c09d80542,20.06.2019,20.06.2019,,6/20/2019 9:27:19 PM,,2,jan,1,bier,,17.06.2019,17.06.2019,,,7.431150482,46.93329542,,,"INSERT INTO activities SET `user_id`=2, `type_id`=1, `date`='2019-6-17', `sum`=1;"
37,5b32d99a-5d8c-4e94-9bdf-3f6cde326926,20.06.2019,20.06.2019,,6/20/2019 9:28:09 PM,,2,jan,2,sport,radfahren,17.06.2019,17.06.2019,,3x B2w,7.432113895,46.9330999,,,"INSERT INTO activities SET `user_id`=2, `type_id`=2, `date`='2019-6-17', `sum`=1;"
38,5b3e434c-034a-4f82-9815-394eb2e81d5b,20.06.2019,20.06.2019,,6/20/2019 9:28:31 PM,,2,jan,2,sport,radfahren,19.06.2019,19.06.2019,,,7.431455745,46.93309392,,,"INSERT INTO activities SET `user_id`=2, `type_id`=2, `date`='2019-6-19', `sum`=1;"
39,4d2ab15e-2e65-41f0-8a30-4832e1257d6a,21.06.2019,21.06.2019,,6/21/2019 1:19:34 PM,,1,nora,2,sport,,17.06.2019,17.06.2019,,,7.23222,46.60289,,,"INSERT INTO activities SET `user_id`=1, `type_id`=2, `date`='2019-6-17', `sum`=1;"
40,5c010b87-7663-43ab-819c-edb7ee8394d2,21.06.2019,21.06.2019,,6/21/2019 1:20:02 PM,,1,nora,2,sport,crossfit,19.06.2019,19.06.2019,,,7.23222,46.60289,,,"INSERT INTO activities SET `user_id`=1, `type_id`=2, `date`='2019-6-19', `sum`=1;"
41,6c9972f6-3f22-4f5d-8a8a-6132b8bdc766,24.06.2019,24.06.2019,,6/24/2019 5:38:53 AM,,4,meike,1,bier,,17.06.2019,17.06.2019,,,805086.9306,5877494,,,"INSERT INTO activities SET `user_id`=4, `type_id`=1, `date`='2019-6-17', `sum`=1;"
42,cafa9114-be2a-4f19-8f61-62cab0a0def4,24.06.2019,24.06.2019,,6/24/2019 5:39:48 AM,,4,meike,2,sport,joggen,24.06.2019,24.06.2019,,Korbball,805086.9306,5877494,,,"INSERT INTO activities SET `user_id`=4, `type_id`=2, `date`='2019-6-24', `sum`=1;"
43,5de6981e-87f6-4cd0-8a0e-35fb49fc38ec,24.06.2019,24.06.2019,,6/24/2019 5:40:45 AM,,4,meike,1,bier,,21.06.2019,21.06.2019,,,805086.9306,5877494,,,"INSERT INTO activities SET `user_id`=4, `type_id`=1, `date`='2019-6-21', `sum`=1;"
44,76574b85-0190-46f0-8c32-cebce0730d8d,24.06.2019,24.06.2019,,6/24/2019 5:41:03 AM,,4,meike,1,bier,,23.06.2019,23.06.2019,,,805086.9306,5877494,,,"INSERT INTO activities SET `user_id`=4, `type_id`=1, `date`='2019-6-23', `sum`=1;"
45,8876c43a-24b8-4a1f-861b-8c8f8200e038,26.06.2019,26.06.2019,,6/26/2019 5:11:47 PM,,3,michele,1,bier,,23.06.2019,23.06.2019,,Andi fuchs geburifest,7.53889,47.13177,,,"INSERT INTO activities SET `user_id`=3, `type_id`=1, `date`='2019-6-23', `sum`=1;"
46,1bcde01a-1220-4495-8619-8eb3281b96c6,26.06.2019,26.06.2019,,6/26/2019 5:14:08 PM,,3,michele,1,bier,,22.06.2019,22.06.2019,,Formel e rennen bei studemahs,7.45882,46.94481,,,"INSERT INTO activities SET `user_id`=3, `type_id`=1, `date`='2019-6-22', `sum`=1;"
47,f3cc5bf1-6c71-4d07-8146-2c6268ebb66d,26.06.2019,26.06.2019,,6/26/2019 5:17:18 PM,,3,michele,2,sport,yoga,26.06.2019,26.06.2019,,,7.23222,46.60289,,,"INSERT INTO activities SET `user_id`=3, `type_id`=2, `date`='2019-6-26', `sum`=1;"
48,5b100ebc-a90b-4438-8afe-06bee7b1ab5c,29.06.2019,29.06.2019,,6/29/2019 7:54:28 AM,,5,bernhard,1,bier,,16.06.2019,16.06.2019,,,7.23222,46.60289,,,"INSERT INTO activities SET `user_id`=5, `type_id`=1, `date`='2019-6-16', `sum`=1;"
49,baee9b10-93c9-4849-8a06-d70caee585b8,29.06.2019,29.06.2019,,6/29/2019 7:55:09 AM,,5,bernhard,2,sport,,17.06.2019,17.06.2019,,Schwimmen,7.23222,46.60289,,,"INSERT INTO activities SET `user_id`=5, `type_id`=2, `date`='2019-6-17', `sum`=1;"
50,77fae792-bb32-4d36-8b9c-9970fce4be74,29.06.2019,29.06.2019,,6/29/2019 7:55:41 AM,,5,bernhard,2,sport,,18.06.2019,18.06.2019,,Training,7.23222,46.60289,,,"INSERT INTO activities SET `user_id`=5, `type_id`=2, `date`='2019-6-18', `sum`=1;"
51,c4d4943c-5035-46b5-84b8-4ee153a090eb,29.06.2019,29.06.2019,,6/29/2019 7:56:04 AM,,5,bernhard,2,sport,radfahren,22.06.2019,22.06.2019,,,7.23222,46.60289,,,"INSERT INTO activities SET `user_id`=5, `type_id`=2, `date`='2019-6-22', `sum`=1;"
52,8013a718-3a87-43b7-8b7f-792beaec73ff,29.06.2019,29.06.2019,,6/29/2019 7:56:19 AM,,5,bernhard,1,bier,,22.06.2019,22.06.2019,,,7.23222,46.60289,,,"INSERT INTO activities SET `user_id`=5, `type_id`=1, `date`='2019-6-22', `sum`=1;"
53,38127419-93e5-4045-8ade-fd5ed5c9fa28,29.06.2019,29.06.2019,,6/29/2019 7:56:43 AM,,5,bernhard,2,sport,,24.06.2019,24.06.2019,,Schwimmen,7.23222,46.60289,,,"INSERT INTO activities SET `user_id`=5, `type_id`=2, `date`='2019-6-24', `sum`=1;"
54,939a4c1d-ef12-4816-8701-bcf08864ecde,29.06.2019,29.06.2019,,6/29/2019 7:57:08 AM,,5,bernhard,2,sport,,25.06.2019,25.06.2019,,Training,7.23222,46.60289,,,"INSERT INTO activities SET `user_id`=5, `type_id`=2, `date`='2019-6-25', `sum`=1;"
55,c5866685-9c82-4086-8528-87daccd34d02,29.06.2019,29.06.2019,,6/29/2019 7:57:41 AM,,5,bernhard,2,sport,,27.06.2019,27.06.2019,,Schwimmen,7.23222,46.60289,,,"INSERT INTO activities SET `user_id`=5, `type_id`=2, `date`='2019-6-27', `sum`=1;"
56,127945b2-f734-4227-8ab5-8968bfd11855,29.06.2019,29.06.2019,,6/29/2019 7:57:56 AM,,5,bernhard,1,bier,,27.06.2019,27.06.2019,,,7.23222,46.60289,,,"INSERT INTO activities SET `user_id`=5, `type_id`=1, `date`='2019-6-27', `sum`=1;"
57,f96af4bc-c556-4616-8ba3-bd03cd640175,29.06.2019,29.06.2019,,6/29/2019 8:02:17 AM,,4,meike,1,bier,,24.06.2019,24.06.2019,,,805086.9306,5877494,,,"INSERT INTO activities SET `user_id`=4, `type_id`=1, `date`='2019-6-24', `sum`=1;"
58,cf3dad3a-309f-4fbb-84a1-4d1e2a4c7910,29.06.2019,29.06.2019,,6/29/2019 8:03:37 AM,,4,meike,2,sport,joggen,19.06.2019,19.06.2019,,Korbball ,805086.9306,5877494,,,"INSERT INTO activities SET `user_id`=4, `type_id`=2, `date`='2019-6-19', `sum`=1;"
59,923b9d01-b881-4696-854d-cde20e57c573,29.06.2019,29.06.2019,,6/29/2019 8:04:50 AM,,4,meike,2,sport,joggen,29.06.2019,29.06.2019,,Korbball,805086.9306,5877494,,,"INSERT INTO activities SET `user_id`=4, `type_id`=2, `date`='2019-6-29', `sum`=1;"
60,b6cb96de-ff66-4e2c-8c62-bc2b4cc605df,01.07.2019 00:00,01.07.2019,,07.01.2019 08:51,,2,jan,2,sport,crossfit,23.06.2019,23.06.2019,,,7.46715,46.96739,,,"INSERT INTO activities SET `user_id`=2, `type_id`=2, `date`='2019-6-23', `sum`=1;"
61,7db33053-4463-4703-8b81-8ca413c74a78,01.07.2019 00:00,01.07.2019,,07.01.2019 08:51,,2,jan,2,sport,radfahren,24.06.2019,24.06.2019,,3x arbeitsweg,7.44046,46.94847,,,"INSERT INTO activities SET `user_id`=2, `type_id`=2, `date`='2019-6-24', `sum`=1;"
62,670a2805-ebba-4002-8d9b-88c20ea8d811,01.07.2019 00:00,01.07.2019,,07.01.2019 08:52,,2,jan,2,sport,radfahren,26.06.2019,26.06.2019,,3x velo,7.44046,46.94847,,,"INSERT INTO activities SET `user_id`=2, `type_id`=2, `date`='2019-6-26', `sum`=1;"
63,b0255c4a-f8c4-44c1-8964-2a23206c9103,01.07.2019 00:00,01.07.2019,,07.01.2019 08:53,,2,jan,1,bier,,26.06.2019,26.06.2019,,,7.43106,46.9332,,,"INSERT INTO activities SET `user_id`=2, `type_id`=1, `date`='2019-6-26', `sum`=1;"
64,d5263aaa-7060-41c3-877a-36c48a16ba7a,01.07.2019 00:00,01.07.2019,,07.01.2019 08:53,,2,jan,1,bier,,28.06.2019,28.06.2019,,,7.43106,46.9332,,,"INSERT INTO activities SET `user_id`=2, `type_id`=1, `date`='2019-6-28', `sum`=1;"
65,9e0dd0d2-3ab3-4d3c-8929-797b43ea60c0,01.07.2019 00:00,01.07.2019,,07.01.2019 08:56,,2,jan,1,bier,,29.06.2019,29.06.2019,,,7.31675,46.85819,,,"INSERT INTO activities SET `user_id`=2, `type_id`=1, `date`='2019-6-29', `sum`=1;"
66,3a59c8a0-6705-4820-8fa8-df852c899ba8,01.07.2019 00:00,01.07.2019,,07.01.2019 11:53,,1,nora,1,bier,,17,17.06.2019,,,7.23222,46.60289,,,"INSERT INTO activities SET `user_id`=1, `type_id`=1, `date`='1900-1-17', `sum`=1;"
67,7899a968-c978-4875-8e39-387fbeabe7f3,01.07.2019 00:00,01.07.2019,,07.01.2019 11:55,,1,nora,1,bier,,17.06.2019,17.06.2019,,,7.23222,46.60289,,,"INSERT INTO activities SET `user_id`=1, `type_id`=1, `date`='2019-6-17', `sum`=1;"
68,92314b15-499b-499f-8084-de969b302084,01.07.2019 00:00,01.07.2019,,07.01.2019 11:55,,1,nora,1,bier,,22.06.2019,22.06.2019,,,7.23222,46.60289,,,"INSERT INTO activities SET `user_id`=1, `type_id`=1, `date`='2019-6-22', `sum`=1;"
69,1e4a2d61-4479-4dea-83cd-de93702fb84f,01.07.2019 00:00,01.07.2019,,07.01.2019 11:57,,1,nora,1,bier,,27.06.2019,27.06.2019,,,7.44844,46.95055,,,"INSERT INTO activities SET `user_id`=1, `type_id`=1, `date`='2019-6-27', `sum`=1;"
70,ee78f890-108f-48d1-8c9e-8e24d72d1c56,01.07.2019 00:00,01.07.2019,,07.01.2019 11:57,,1,nora,1,bier,,28.06.2019,28.06.2019,,,7.23222,46.60289,,,"INSERT INTO activities SET `user_id`=1, `type_id`=1, `date`='2019-6-28', `sum`=1;"
71,37ec5089-31fb-4f4a-89c0-c07f026b0014,01.07.2019 00:00,01.07.2019,,07.01.2019 11:57,,1,nora,2,sport,,24.06.2019,24.06.2019,,,7.23222,46.60289,,,"INSERT INTO activities SET `user_id`=1, `type_id`=2, `date`='2019-6-24', `sum`=1;"
72,83a674d9-d7b8-4995-8e54-455436390c3f,01.07.2019 00:00,01.07.2019,,07.01.2019 11:58,,1,nora,2,sport,,26.06.2019,26.06.2019,,,7.23222,46.60289,,,"INSERT INTO activities SET `user_id`=1, `type_id`=2, `date`='2019-6-26', `sum`=1;"
73,cf5ec192-fb9e-41fa-8c12-ccab94487183,01.07.2019 00:00,01.07.2019,,07.01.2019 15:26,,4,meike,1,bier,,31.07.2019,31.07.2019,,,805086.9306,5877494,,,"INSERT INTO activities SET `user_id`=4, `type_id`=1, `date`='2019-7-31', `sum`=1;"
74,9ce88266-ca28-44b4-8a5a-771d35833d12,03.07.2019 00:00,03.07.2019,,07.03.2019 18:52,,3,michele,1,bier,,02.07.2019 00:00,02.07.2019,,Christoph Geburtstag ,8.30437,47.0496,,,"INSERT INTO activities SET `user_id`=3, `type_id`=1, `date`='2019-7-2', `sum`=1;"
75,8fea4b49-6a82-433a-8f18-7bc1c381b486,03.07.2019 00:00,03.07.2019,,07.03.2019 18:54,,3,michele,2,sport,,28.06.2019,28.06.2019,,Wanderung mit birgit ,6.72235,46.93321,,,"INSERT INTO activities SET `user_id`=3, `type_id`=2, `date`='2019-6-28', `sum`=1;"
76,0abfdc92-2761-4737-8afb-45aca0e7f860,03.07.2019 00:00,03.07.2019,,07.03.2019 18:55,,3,michele,2,sport,,29.06.2019,29.06.2019,,Wanderung mit birgit ,6.50104,46.82427,,,"INSERT INTO activities SET `user_id`=3, `type_id`=2, `date`='2019-6-29', `sum`=1;"
77,e1f82717-e58b-473b-8e6e-08093730812a,03.07.2019 00:00,03.07.2019,,07.03.2019 18:56,,3,michele,1,bier,,28.06.2019,28.06.2019,,,6.72235,46.93321,,,"INSERT INTO activities SET `user_id`=3, `type_id`=1, `date`='2019-6-28', `sum`=1;"
78,a6dbd7cb-bc59-48a0-8735-4e4b98b45ae2,03.07.2019 00:00,03.07.2019,,07.03.2019 18:57,,3,michele,1,bier,,29.06.2019,29.06.2019,,Frank zu besuch,7.43106,46.9332,,,"INSERT INTO activities SET `user_id`=3, `type_id`=1, `date`='2019-6-29', `sum`=1;"
79,ee4bffcb-b896-4216-8593-04a2c934d847,03.07.2019 00:00,03.07.2019,,07.03.2019 18:58,,3,michele,1,bier,,01.07.2019 00:00,01.07.2019,,Feierabendbier,7.43106,46.9332,,,"INSERT INTO activities SET `user_id`=3, `type_id`=1, `date`='2019-7-1', `sum`=1;"
80,d3905817-87d3-407b-8dd0-d9c9293d72a5,03.07.2019 00:00,03.07.2019,,07.03.2019 19:00,,3,michele,2,sport,radfahren,03.07.2019 00:00,03.07.2019,,Ins büro gefahren mit e-bike,7.23222,46.60289,,,"INSERT INTO activities SET `user_id`=3, `type_id`=2, `date`='2019-7-3', `sum`=1;"
81,f570b0a0-e49d-4176-9806-4656d3974e5c,04.07.2019 00:00,04.07.2019,,07.04.2019 16:11,,2,jan,2,sport,radfahren,02.07.2019 00:00,02.07.2019,,Arbeitsweg,7.430962407,46.93479124,,,"INSERT INTO activities SET `user_id`=2, `type_id`=2, `date`='2019-7-2', `sum`=1;"
82,ca9c22f5-0734-46db-a67f-e321196917d4,04.07.2019 00:00,04.07.2019,,07.04.2019 16:11,,2,jan,1,bier,,01.07.2019 00:00,01.07.2019,,Salome,7.430738107,46.93449093,,,"INSERT INTO activities SET `user_id`=2, `type_id`=1, `date`='2019-7-1', `sum`=1;"
83,71476713-ee5b-4e8f-8604-da99b4386af2,08.07.2019 00:00,08.07.2019,,07.08.2019 04:53,,4,meike,1,bier,,01.07.2019 00:00,01.07.2019,,,805086.9306,5877494,,,"INSERT INTO activities SET `user_id`=4, `type_id`=1, `date`='2019-7-1', `sum`=1;"
84,1d4b3a8d-ae4d-4ead-8cb8-8ac729ac6133,08.07.2019 00:00,08.07.2019,,07.08.2019 04:54,,4,meike,1,bier,,02.07.2019 00:00,02.07.2019,,,805086.9306,5877494,,,"INSERT INTO activities SET `user_id`=4, `type_id`=1, `date`='2019-7-2', `sum`=1;"
85,90c90594-12b6-4ba8-8c20-1dd48f42ec59,08.07.2019 00:00,08.07.2019,,07.08.2019 04:54,,4,meike,1,bier,,03.07.2019 00:00,03.07.2019,,,805086.9306,5877494,,,"INSERT INTO activities SET `user_id`=4, `type_id`=1, `date`='2019-7-3', `sum`=1;"
86,a1d57f4d-2e6e-403b-8123-a4a0feecd5ba,08.07.2019 00:00,08.07.2019,,07.08.2019 04:55,,4,meike,1,bier,,04.07.2019 00:00,04.07.2019,,,805086.9306,5877494,,,"INSERT INTO activities SET `user_id`=4, `type_id`=1, `date`='2019-7-4', `sum`=1;"
87,729c4013-106d-46e0-8e0a-37be2cf5de7e,08.07.2019 00:00,08.07.2019,,07.08.2019 04:55,,4,meike,1,bier,,05.07.2019 00:00,05.07.2019,,,805086.9306,5877494,,,"INSERT INTO activities SET `user_id`=4, `type_id`=1, `date`='2019-7-5', `sum`=1;"
88,173ac299-ea05-46c0-89d4-c57c512a779a,08.07.2019 00:00,08.07.2019,,07.08.2019 04:55,,4,meike,1,bier,,07.07.2019 00:00,07.07.2019,,,805086.9306,5877494,,,"INSERT INTO activities SET `user_id`=4, `type_id`=1, `date`='2019-7-7', `sum`=1;"
89,cf64a434-afeb-4573-8454-53a9512e7295,08.07.2019 00:00,08.07.2019,,07.08.2019 09:07,,1,nora,1,bier,,04.07.2019 00:00,04.07.2019,,,7.23222,46.60289,,,"INSERT INTO activities SET `user_id`=1, `type_id`=1, `date`='2019-7-4', `sum`=1;"
90,b3faf855-29fa-402b-84d3-d15dc959e3a8,08.07.2019 00:00,08.07.2019,,07.08.2019 09:07,,1,nora,1,bier,,06.07.2019 00:00,06.07.2019,,,7.23222,46.60289,,,"INSERT INTO activities SET `user_id`=1, `type_id`=1, `date`='2019-7-6', `sum`=1;"
91,63463b18-2c26-4e5b-840e-e2463974b9dd,08.07.2019 00:00,08.07.2019,,07.08.2019 17:47,,4,meike,2,sport,,08.07.2019 00:00,08.07.2019,,Schwimmen ,805086.9306,5877494,,,"INSERT INTO activities SET `user_id`=4, `type_id`=2, `date`='2019-7-8', `sum`=1;"
92,fd40bb9e-aad7-4c43-8035-937ae458f43a,08.07.2019 00:00,08.07.2019,,07.08.2019 17:48,,1,nora,2,sport,,08.07.2019 00:00,08.07.2019,,Schwimmen ,805086.9306,5877494,,,"INSERT INTO activities SET `user_id`=1, `type_id`=2, `date`='2019-7-8', `sum`=1;"
93,e12f7a6c-98c3-4a2f-8e1a-e71a0e66c4eb,08.07.2019 00:00,08.07.2019,,07.08.2019 18:33,,3,michele,2,sport,ruder_ergometer,08.07.2019 00:00,08.07.2019,,20*20sek voll 40sek langsam,7.43106,46.9332,,,"INSERT INTO activities SET `user_id`=3, `type_id`=2, `date`='2019-7-8', `sum`=1;"
94,b7e805af-a598-4c00-8735-fdb3320db2cd,08.07.2019 00:00,08.07.2019,,07.08.2019 18:34,,3,michele,1,bier,,06.07.2019 00:00,06.07.2019,,Jan‘s Geburtstagparty,7.5487,47.21228,,,"INSERT INTO activities SET `user_id`=3, `type_id`=1, `date`='2019-7-6', `sum`=1;"
95,aafa0849-a3b7-4f12-86c0-a583b9faed24,08.07.2019 00:00,08.07.2019,,07.08.2019 18:37,,3,michele,1,bier,,05.07.2019 00:00,05.07.2019,,Wabräu fest,7.42535,46.91893,,,"INSERT INTO activities SET `user_id`=3, `type_id`=1, `date`='2019-7-5', `sum`=1;"
96,8a754ebd-87ad-458d-8e1d-4a80569caf5b,08.07.2019 00:00,08.07.2019,,07.08.2019 18:40,,3,michele,1,bier,,04.07.2019 00:00,04.07.2019,,Fübi,7.43106,46.9332,,,"INSERT INTO activities SET `user_id`=3, `type_id`=1, `date`='2019-7-4', `sum`=1;"
97,329eade3-2016-4e55-a1b2-cc70a6dfc7b8,08.07.2019 00:00,08.07.2019,,07.08.2019 19:20,,2,jan,2,sport,radfahren,03.07.2019 00:00,03.07.2019,,,7.431095581,46.93317474,,,"INSERT INTO activities SET `user_id`=2, `type_id`=2, `date`='2019-7-3', `sum`=1;"
98,6313938b-5b45-4d37-816f-ca37c1c2f555,08.07.2019 00:00,08.07.2019,,07.08.2019 19:20,,2,jan,2,sport,ruder_ergometer,07.07.2019 00:00,07.07.2019,,,7.431180295,46.93322205,,,"INSERT INTO activities SET `user_id`=2, `type_id`=2, `date`='2019-7-7', `sum`=1;"
99,e0e8969c-ccce-40a7-b1a6-a162d8b8f1bd,08.07.2019 00:00,08.07.2019,,07.08.2019 19:21,,2,jan,1,bier,,04.07.2019 00:00,04.07.2019,,Isa und silvan,7.431286082,46.93330024,,,"INSERT INTO activities SET `user_id`=2, `type_id`=1, `date`='2019-7-4', `sum`=1;"
100,37733cc1-0ce6-4a2a-aea2-0cc16595ffe5,08.07.2019 00:00,08.07.2019,,07.08.2019 19:21,,2,jan,1,bier,,05.07.2019 00:00,05.07.2019,,Jan d,7.43133764,46.93332038,,,"INSERT INTO activities SET `user_id`=2, `type_id`=1, `date`='2019-7-5', `sum`=1;"
101,5c6683d7-a5d7-40c6-8521-10925a7466a8,08.07.2019 00:00,08.07.2019,,07.08.2019 19:21,,2,jan,1,bier,,06.07.2019 00:00,06.07.2019,,Meike geburi,7.431302715,46.9333303,,,"INSERT INTO activities SET `user_id`=2, `type_id`=1, `date`='2019-7-6', `sum`=1;"
102,f2dcf2f1-62c0-470b-801e-5b8b6553590e,08.07.2019 00:00,08.07.2019,,07.08.2019 19:28,,5,bernhard,2,sport,,01.07.2019 00:00,01.07.2019,,Schwimmen,7.23222,46.60289,,,"INSERT INTO activities SET `user_id`=5, `type_id`=2, `date`='2019-7-1', `sum`=1;"
103,cfc042eb-88a4-48ff-8837-05476f273d84,08.07.2019 00:00,08.07.2019,,07.08.2019 19:29,,5,bernhard,2,sport,,02.07.2019 00:00,02.07.2019,,Training,7.23222,46.60289,,,"INSERT INTO activities SET `user_id`=5, `type_id`=2, `date`='2019-7-2', `sum`=1;"
104,79fdf842-f87c-42e7-8192-4c1b9be5b46f,08.07.2019 00:00,08.07.2019,,07.08.2019 19:29,,5,bernhard,1,bier,,02.07.2019 00:00,02.07.2019,,,7.23222,46.60289,,,"INSERT INTO activities SET `user_id`=5, `type_id`=1, `date`='2019-7-2', `sum`=1;"
105,c1699302-3d36-4132-8579-0e6ac9f7b283,08.07.2019 00:00,08.07.2019,,07.08.2019 19:30,,5,bernhard,1,bier,,30.06.2019,30.06.2019,,,7.23222,46.60289,,,"INSERT INTO activities SET `user_id`=5, `type_id`=1, `date`='2019-6-30', `sum`=1;"
106,0a5a7290-a215-413a-8c86-7bd385aa46d2,08.07.2019 00:00,08.07.2019,,07.08.2019 19:30,,5,bernhard,1,bier,,06.07.2019 00:00,06.07.2019,,,7.23222,46.60289,,,"INSERT INTO activities SET `user_id`=5, `type_id`=1, `date`='2019-7-6', `sum`=1;"
107,0bb0ccaf-cf80-4b28-85e0-785afd57162f,08.07.2019 00:00,08.07.2019,,07.08.2019 19:31,,5,bernhard,2,sport,,07.07.2019 00:00,07.07.2019,,Schwimmen,7.23222,46.60289,,,"INSERT INTO activities SET `user_id`=5, `type_id`=2, `date`='2019-7-7', `sum`=1;"
108,276fc316-dfcb-4d61-8353-c5347a5cd076,11.07.2019 00:00,11.07.2019,,07.11.2019 16:50,,4,meike,2,sport,,09.07.2019 00:00,09.07.2019,,Korbball ,805086.9306,5877494,,,"INSERT INTO activities SET `user_id`=4, `type_id`=2, `date`='2019-7-9', `sum`=1;"
109,0402778e-db29-4794-88f8-2c1b72357083,11.01.1900 00:00,11.01.1900,,07.11.2019 19:58,,4,meike,1,bier,,11.07.2019 00:00,11.07.2019,,Bier,805086.9306,5877494,,,"INSERT INTO activities SET `user_id`=4, `type_id`=1, `date`='2019-7-11', `sum`=1;"
110,f3e1f2d2-08f3-4995-8d60-ed079250dbd5,12.07.2019 00:00,12.07.2019,,07.12.2019 19:01,,4,meike,1,bier,,12.07.2019 00:00,12.07.2019,,,805086.9306,5877494,,,"INSERT INTO activities SET `user_id`=4, `type_id`=1, `date`='2019-7-12', `sum`=1;"
111,94097c77-ee69-4117-878c-e39303211547,13.07.2019,13.07.2019,,7/13/2019 11:58:44 AM,,4,meike,2,sport,joggen,13.07.2019,13.07.2019,,,805086.9306,5877494,,,"INSERT INTO activities SET `user_id`=4, `type_id`=2, `date`='2019-7-13', `sum`=1;"
112,b5dc36f1-0d85-44fa-8254-4de182078ce2,14.07.2019,14.07.2019,,7/14/2019 5:58:15 PM,,4,meike,1,bier,,13.07.2019,13.07.2019,,,805086.9306,5877494,,,"INSERT INTO activities SET `user_id`=4, `type_id`=1, `date`='2019-7-13', `sum`=1;"
113,5798ea08-6c64-4910-8241-0d7dc0328b8a,14.07.2019,14.07.2019,,7/14/2019 5:58:57 PM,,4,meike,2,sport,,14.07.2019,14.07.2019,,Schwimmen ,805086.9306,5877494,,,"INSERT INTO activities SET `user_id`=4, `type_id`=2, `date`='2019-7-14', `sum`=1;"
114,1e1973c3-5937-47d1-8e04-b5f08b4a136d,18.07.2019,18.07.2019,,7/18/2019 7:45:24 PM,,3,michele,1,bier,,15.07.2019,15.07.2019,,🍺 ,8.51421,51.99869,,,"INSERT INTO activities SET `user_id`=3, `type_id`=1, `date`='2019-7-15', `sum`=1;"
115,97d3eaf6-b9f1-406d-8e59-9620031b4909,22.07.2019,22.07.2019,Finklenburg,7/22/2019 6:27:41 AM,Finklenburg,2,jan,2,sport,radfahren,08.07.2019 00:00,08.07.2019,,Golf,7.48205,47.01628,,,"INSERT INTO activities SET `user_id`=2, `type_id`=2, `date`='2019-7-8', `sum`=1;"
116,7729d4bf-abd7-43c8-8fc2-4f66e5c86843,22.07.2019,22.07.2019,Finklenburg,7/22/2019 6:28:27 AM,Finklenburg,2,jan,2,sport,radfahren,08.07.2019 00:00,08.07.2019,,arbeitsweg,7.23222,46.60289,,,"INSERT INTO activities SET `user_id`=2, `type_id`=2, `date`='2019-7-8', `sum`=1;"
117,6c14761b-0d81-44eb-8266-276752298f1b,22.07.2019,22.07.2019,Finklenburg,7/22/2019 6:29:27 AM,Finklenburg,2,jan,1,bier,,08.07.2019 00:00,08.07.2019,,golf,7.23222,46.60289,,,"INSERT INTO activities SET `user_id`=2, `type_id`=1, `date`='2019-7-8', `sum`=1;"
118,66b3be29-887c-441f-8a1d-5ca97c3bf29c,22.07.2019,22.07.2019,Finklenburg,7/22/2019 6:30:30 AM,Finklenburg,2,jan,2,sport,radfahren,10.07.2019 00:00,10.07.2019,,arbeitsweg,7.4762,46.97445,,,"INSERT INTO activities SET `user_id`=2, `type_id`=2, `date`='2019-7-10', `sum`=1;"
119,51d0dfb1-e44f-4a5a-8608-9887af3e317a,22.07.2019,22.07.2019,Finklenburg,7/22/2019 6:31:29 AM,Finklenburg,2,jan,1,bier,,11.07.2019 00:00,11.07.2019,,feierabendbier,7.47159,46.96879,,,"INSERT INTO activities SET `user_id`=2, `type_id`=1, `date`='2019-7-11', `sum`=1;"
120,5f557e6e-42c0-4b5b-8445-3e33552c5427,22.07.2019,22.07.2019,Finklenburg,7/22/2019 6:32:05 AM,Finklenburg,2,jan,1,bier,,12.07.2019 00:00,12.07.2019,,,8.53326,52.02315,,,"INSERT INTO activities SET `user_id`=2, `type_id`=1, `date`='2019-7-12', `sum`=1;"
121,6a2c1a24-8999-4da5-861b-c9cbc684fa92,22.07.2019,22.07.2019,Finklenburg,7/22/2019 6:32:25 AM,Finklenburg,2,jan,1,bier,,13.07.2019,13.07.2019,,,8.53326,52.02315,,,"INSERT INTO activities SET `user_id`=2, `type_id`=1, `date`='2019-7-13', `sum`=1;"
122,31bcb7e7-c1dc-4775-85ae-78ab258be483,22.07.2019,22.07.2019,Finklenburg,7/22/2019 6:34:00 AM,Finklenburg,2,jan,1,bier,,14.07.2019,14.07.2019,,,7.23222,46.60289,,,"INSERT INTO activities SET `user_id`=2, `type_id`=1, `date`='2019-7-14', `sum`=1;"
123,c873dd92-eb71-433d-846f-bdee481f3cee,22.07.2019,22.07.2019,Finklenburg,7/22/2019 6:34:35 AM,Finklenburg,2,jan,1,bier,,17.07.2019,17.07.2019,,gurten,7.43809,46.92223,,,"INSERT INTO activities SET `user_id`=2, `type_id`=1, `date`='2019-7-17', `sum`=1;"
124,3bc8c111-c26f-4f0c-8dd2-21222c225a32,22.07.2019,22.07.2019,Finklenburg,7/22/2019 6:35:02 AM,Finklenburg,2,jan,2,sport,joggen,17.07.2019,17.07.2019,,,7.43809,46.92223,,,"INSERT INTO activities SET `user_id`=2, `type_id`=2, `date`='2019-7-17', `sum`=1;"
125,0dc4d078-8840-4a5c-886a-8b5bf75daeae,22.07.2019,22.07.2019,Finklenburg,7/22/2019 6:35:40 AM,Finklenburg,2,jan,2,sport,joggen,18.07.2019,18.07.2019,,,7.43809,46.92223,,,"INSERT INTO activities SET `user_id`=2, `type_id`=2, `date`='2019-7-18', `sum`=1;"
126,2455c6ce-07cd-4d29-8022-7527943e5247,22.07.2019,22.07.2019,Finklenburg,7/22/2019 6:36:08 AM,Finklenburg,2,jan,1,bier,,18.07.2019,18.07.2019,,gurten,7.43809,46.92223,,,"INSERT INTO activities SET `user_id`=2, `type_id`=1, `date`='2019-7-18', `sum`=1;"
127,abae89f9-fd24-470d-825d-00a9d218c25a,22.07.2019,22.07.2019,Finklenburg,7/22/2019 6:39:28 AM,Finklenburg,2,jan,1,bier,,18.07.2019,18.07.2019,,trix und isa,7.37186,47.1399,,,"INSERT INTO activities SET `user_id`=2, `type_id`=1, `date`='2019-7-18', `sum`=1;"
128,de32f856-d9bf-4c24-84b8-9ba681b68f19,22.07.2019,22.07.2019,Finklenburg,7/22/2019 6:39:50 AM,Finklenburg,2,jan,1,bier,,20.07.2019,20.07.2019,,mia,7.66909,46.73082,,,"INSERT INTO activities SET `user_id`=2, `type_id`=1, `date`='2019-7-20', `sum`=1;"
129,574614d0-5420-40ef-8ec0-e99b0d23bb2f,22.07.2019,22.07.2019,,7/22/2019 8:40:09 AM,,1,nora,1,bier,,10.07.2019 00:00,10.07.2019,,,7.23222,46.60289,,,"INSERT INTO activities SET `user_id`=1, `type_id`=1, `date`='2019-7-10', `sum`=1;"
130,ba9315d5-f54f-4c21-8e90-ae625bb903a0,22.07.2019,22.07.2019,,7/22/2019 8:40:24 AM,,1,nora,1,bier,,11.07.2019 00:00,11.07.2019,,,7.23222,46.60289,,,"INSERT INTO activities SET `user_id`=1, `type_id`=1, `date`='2019-7-11', `sum`=1;"
131,aebc056e-7b07-4c29-8d3d-85f16c388674,22.07.2019,22.07.2019,,7/22/2019 8:40:40 AM,,1,nora,1,bier,,17.07.2019,17.07.2019,,,7.23222,46.60289,,,"INSERT INTO activities SET `user_id`=1, `type_id`=1, `date`='2019-7-17', `sum`=1;"
132,933d907c-00e4-4518-8161-f9a528d2a8d2,22.07.2019,22.07.2019,,7/22/2019 8:40:52 AM,,1,nora,1,bier,,18.07.2019,18.07.2019,,,7.23222,46.60289,,,"INSERT INTO activities SET `user_id`=1, `type_id`=1, `date`='2019-7-18', `sum`=1;"
133,fbdc98ec-8e5c-4c87-8325-7eed14fdaf33,22.07.2019,22.07.2019,,7/22/2019 8:41:06 AM,,1,nora,1,bier,,19.07.2019,19.07.2019,,,7.23222,46.60289,,,"INSERT INTO activities SET `user_id`=1, `type_id`=1, `date`='2019-7-19', `sum`=1;"
134,e8f8cea2-a5ad-4b5c-8135-4ca049d658ba,22.07.2019,22.07.2019,,7/22/2019 10:36:10 AM,,4,meike,1,bier,,17.07.2019,17.07.2019,,Gurtenfestival,805086.9306,5877494,,,"INSERT INTO activities SET `user_id`=4, `type_id`=1, `date`='2019-7-17', `sum`=1;"
135,1dc494aa-8d12-4030-8b1e-cef8161d96a9,7/22/2019 10:36:42 AM,#VALUE!,,7/22/2019 10:36:42 AM,,4,meike,1,bier,,18.07.2019,18.07.2019,,Gutenfestival,805086.9306,5877494,,,"INSERT INTO activities SET `user_id`=4, `type_id`=1, `date`='2019-7-18', `sum`=1;"
136,2f8adfa5-3849-44fd-822e-cf030a473aa5,7/22/2019 10:37:12 AM,#VALUE!,,7/22/2019 10:37:12 AM,,4,meike,1,bier,,19.07.2019,19.07.2019,,Gurtenfestival,805086.9306,5877494,,,"INSERT INTO activities SET `user_id`=4, `type_id`=1, `date`='2019-7-19', `sum`=1;"
137,ce46315f-ec59-4b0d-8e82-0cb9eb3c4df4,7/22/2019 10:38:12 AM,#VALUE!,,7/22/2019 10:38:12 AM,,4,meike,1,bier,,20.07.2019,20.07.2019,,Gurtenfestival ,805086.9306,5877494,,,"INSERT INTO activities SET `user_id`=4, `type_id`=1, `date`='2019-7-20', `sum`=1;"
138,06327bc9-3ae9-4d0c-875a-a0d0518b2b9e,7/22/2019 10:38:39 AM,#VALUE!,,7/22/2019 10:38:39 AM,,4,meike,1,bier,,21.07.2019,21.07.2019,, Mia Geburtstagsfest,805086.9306,5877494,,,"INSERT INTO activities SET `user_id`=4, `type_id`=1, `date`='2019-7-21', `sum`=1;"
139,7022e83d-a2a9-4ab6-8197-75db8b83f35f,7/22/2019 7:48:52 PM,#VALUE!,,7/22/2019 7:48:52 PM,,3,michele,2,sport,radfahren,19.07.2019,19.07.2019,,Ins büro gefahren mit e-bike 27km,7.23222,46.60289,,,"INSERT INTO activities SET `user_id`=3, `type_id`=2, `date`='2019-7-19', `sum`=1;"
140,810044db-d862-420a-86b4-2c90e7c582c3,7/22/2019 7:49:40 PM,#VALUE!,,7/22/2019 7:49:40 PM,,3,michele,2,sport,radfahren,19.07.2019,19.07.2019,,Nachhause gefahren e bike 26km,7.23222,46.60289,,,"INSERT INTO activities SET `user_id`=3, `type_id`=2, `date`='2019-7-19', `sum`=1;"
141,85905d8c-3cad-44f8-807f-23c9086aac25,7/22/2019 7:51:50 PM,#VALUE!,,7/22/2019 7:51:50 PM,,3,michele,1,bier,,14.07.2019,14.07.2019,,Taufe frieder,8.53326,52.02315,,,"INSERT INTO activities SET `user_id`=3, `type_id`=1, `date`='2019-7-14', `sum`=1;"
142,fb3f2a15-bd5d-4a34-809a-2faad861970f,7/22/2019 7:53:58 PM,#VALUE!,,7/22/2019 7:53:58 PM,,3,michele,1,bier,,13.07.2019,13.07.2019,,Hanna und justus ,8.53326,52.02315,,,"INSERT INTO activities SET `user_id`=3, `type_id`=1, `date`='2019-7-13', `sum`=1;"
143,ce8f4466-decd-42ba-8134-ce8a3e219677,7/22/2019 7:55:01 PM,#VALUE!,,7/22/2019 7:55:01 PM,,3,michele,1,bier,,12.07.2019 00:00,12.07.2019,,Dänus Geburtstag ,7.45218,46.95448,,,"INSERT INTO activities SET `user_id`=3, `type_id`=1, `date`='2019-7-12', `sum`=1;"
144,3f870bbb-d74a-41d8-84ee-a3728bca94f1,7/22/2019 7:56:55 PM,#VALUE!,,7/22/2019 7:56:55 PM,,3,michele,1,bier,,20.07.2019,20.07.2019,,Geburtstag Isa,7.45147,46.92928,,,"INSERT INTO activities SET `user_id`=3, `type_id`=1, `date`='2019-7-20', `sum`=1;"
145,e7b1e833-8cbf-41b8-89fa-dda5b309e50c,7/24/2019 6:26:27 AM,#VALUE!,,7/24/2019 6:26:27 AM,,2,jan,2,sport,crossfit,21.07.2019,21.07.2019,,bmb,7.46718,46.96736,,,"INSERT INTO activities SET `user_id`=2, `type_id`=2, `date`='2019-7-21', `sum`=1;"
146,741b0355-11d1-4b56-8ea1-8d5633d4fdd9,7/24/2019 6:27:11 AM,#VALUE!,,7/24/2019 6:27:11 AM,,2,jan,2,sport,radfahren,22.07.2019,22.07.2019,,arbeitsweg,7.4762,46.97445,,,"INSERT INTO activities SET `user_id`=2, `type_id`=2, `date`='2019-7-22', `sum`=1;"
147,5807489d-c03c-408e-8a92-4e0ed8ddedce,7/24/2019 7:53:48 PM,#VALUE!,,7/24/2019 7:53:48 PM,,3,michele,2,sport,ruder_ergometer,24.07.2019,24.07.2019,,3*5min,7.43106,46.9332,,,"INSERT INTO activities SET `user_id`=3, `type_id`=2, `date`='2019-7-24', `sum`=1;"
148,258f65eb-9407-48fb-86ca-12f184c1585f,7/24/2019 7:54:57 PM,#VALUE!,,7/24/2019 7:54:57 PM,,3,michele,1,bier,,24.07.2019,24.07.2019,,Abschied kita mixan,7.432,46.93654,,,"INSERT INTO activities SET `user_id`=3, `type_id`=1, `date`='2019-7-24', `sum`=1;"
149,d8c125ac-78c5-49fd-8544-760ef19958ce,7/24/2019 7:55:58 PM,#VALUE!,,7/24/2019 7:55:58 PM,,3,michele,1,bier,,23.07.2019,23.07.2019,,Mit lea angestossen,7.43106,46.9332,,,"INSERT INTO activities SET `user_id`=3, `type_id`=1, `date`='2019-7-23', `sum`=1;"
150,9a91d5fe-fa12-4253-834a-4847dd3406c8,7/29/2019 4:55:18 PM,#VALUE!,,7/29/2019 4:55:18 PM,,1,nora,1,bier,,25.07.2019,25.07.2019,,,7.23222,46.60289,,,"INSERT INTO activities SET `user_id`=1, `type_id`=1, `date`='2019-7-25', `sum`=1;"
151,c04864fc-a060-44d4-8b38-513317e27dd9,7/29/2019 4:55:41 PM,#VALUE!,,7/29/2019 4:55:41 PM,,1,nora,1,bier,,26.07.2019,26.07.2019,,,7.23222,46.60289,,,"INSERT INTO activities SET `user_id`=1, `type_id`=1, `date`='2019-7-26', `sum`=1;"
152,99320225-ecd4-4b5d-8201-cd0ff06959dd,7/29/2019 4:56:03 PM,#VALUE!,,7/29/2019 4:56:03 PM,,1,nora,1,bier,,28.07.2019,28.07.2019,,,7.23222,46.60289,,,"INSERT INTO activities SET `user_id`=1, `type_id`=1, `date`='2019-7-28', `sum`=1;"
153,9eec2e2e-9857-4afa-86ca-5240d60330d1,7/29/2019 4:56:47 PM,#VALUE!,,7/29/2019 4:56:47 PM,,1,nora,2,sport,schwimmen,27.07.2019,27.07.2019,,,7.23222,46.60289,,,"INSERT INTO activities SET `user_id`=1, `type_id`=2, `date`='2019-7-27', `sum`=1;"
154,4d92aff3-ebae-4675-8dd8-3e179fbdb7b3,7/29/2019 4:57:12 PM,#VALUE!,,7/29/2019 4:57:12 PM,,1,nora,2,sport,schwimmen,28.07.2019,28.07.2019,,,7.23222,46.60289,,,"INSERT INTO activities SET `user_id`=1, `type_id`=2, `date`='2019-7-28', `sum`=1;"
155,8bdad211-d291-4f4b-896e-5012db26cae7,7/29/2019 4:57:14 PM,#VALUE!,,7/29/2019 4:57:14 PM,,5,bernhard,2,sport,,09.07.2019 00:00,09.07.2019,,Training,7.23222,46.60289,,,"INSERT INTO activities SET `user_id`=5, `type_id`=2, `date`='2019-7-9', `sum`=1;"
156,354b9b76-468b-4430-8652-f1ebf38c6a66,7/29/2019 4:57:36 PM,#VALUE!,,7/29/2019 4:57:36 PM,,1,nora,2,sport,yoga,28.07.2019,28.07.2019,,,7.23222,46.60289,,,"INSERT INTO activities SET `user_id`=1, `type_id`=2, `date`='2019-7-28', `sum`=1;"
157,ead06302-7509-4be7-85aa-edd4903c5721,7/31/2019 1:01:42 PM,#VALUE!,Finklenburg,7/31/2019 1:01:42 PM,Finklenburg,2,jan,2,sport,radfahren,24.07.2019,24.07.2019,,,7.4762,46.97445,,,"INSERT INTO activities SET `user_id`=2, `type_id`=2, `date`='2019-7-24', `sum`=1;"
158,c190edf8-5580-434c-8f6e-25f6fbf09b82,7/31/2019 1:02:49 PM,#VALUE!,Finklenburg,7/31/2019 1:02:49 PM,Finklenburg,2,jan,1,bier,,25.07.2019,25.07.2019,,,7.43106,46.9332,,,"INSERT INTO activities SET `user_id`=2, `type_id`=1, `date`='2019-7-25', `sum`=1;"
159,20059f2b-29cf-4d61-842a-b07b64d344f2,7/31/2019 1:06:29 PM,#VALUE!,Finklenburg,7/31/2019 1:06:29 PM,Finklenburg,2,jan,1,bier,,25.07.2019,25.07.2019,,,7.23222,46.60289,,,"INSERT INTO activities SET `user_id`=2, `type_id`=1, `date`='2019-7-25', `sum`=1;"
160,16d3bf5a-2f6d-419b-8b13-2ec5e5b04b23,7/31/2019 1:07:16 PM,#VALUE!,Finklenburg,7/31/2019 1:07:16 PM,Finklenburg,2,jan,2,sport,radfahren,30.07.2019,30.07.2019,,,7.23222,46.60289,,,"INSERT INTO activities SET `user_id`=2, `type_id`=2, `date`='2019-7-30', `sum`=1;"
161,7fff21a5-67b7-439b-8306-686ad43eef70,08.07.2019 10:35,08.07.2019,,08.07.2019 10:35,,3,michele,1,bier,,06.08.2019 00:00,06.08.2019,,Ferien ,8.3028,44.15629,,,"INSERT INTO activities SET `user_id`=3, `type_id`=1, `date`='2019-8-6', `sum`=1;"
162,4b1009f4-0cac-4806-8a79-71c94e50d42f,08.07.2019 10:36,08.07.2019,,08.07.2019 10:36,,3,michele,2,sport,yoga,06.08.2019 00:00,06.08.2019,,Schnufi yoga,8.3028,44.15629,,,"INSERT INTO activities SET `user_id`=3, `type_id`=2, `date`='2019-8-6', `sum`=1;"
163,1f032eb4-164b-4b18-8d59-c530e2f52a42,08.07.2019 10:37,08.07.2019,,08.07.2019 10:37,,3,michele,1,bier,,05.08.2019 00:00,05.08.2019,,Ferien ,7.23222,46.60289,,,"INSERT INTO activities SET `user_id`=3, `type_id`=1, `date`='2019-8-5', `sum`=1;"
164,2adf51ba-a2d8-4c6a-8844-8942df915c0e,08.07.2019 10:37,08.07.2019,,08.07.2019 10:37,,3,michele,1,bier,,04.08.2019 00:00,04.08.2019,,Ferien ,8.3028,44.15629,,,"INSERT INTO activities SET `user_id`=3, `type_id`=1, `date`='2019-8-4', `sum`=1;"
165,4e46fed4-f3ea-40cd-8f91-265cb2eb550d,08.07.2019 10:38,08.07.2019,,08.07.2019 10:38,,3,michele,1,bier,,03.08.2019 00:00,03.08.2019,,Ferien ,8.3028,44.15629,,,"INSERT INTO activities SET `user_id`=3, `type_id`=1, `date`='2019-8-3', `sum`=1;"
166,9044df7a-6dd9-4b11-802b-56f8bb8ec536,08.08.2019 20:06,08.08.2019,,08.08.2019 20:06,,3,michele,2,sport,joggen,08.08.2019 00:00,08.08.2019,,Wanderung ,8.3028,44.15629,,,"INSERT INTO activities SET `user_id`=3, `type_id`=2, `date`='2019-8-8', `sum`=1;"
167,67fe3d49-73eb-4483-855e-23c6c085f7dc,08.08.2019 20:06,08.08.2019,,08.08.2019 20:06,,3,michele,1,bier,,08.08.2019 00:00,08.08.2019,,2 bier Ferien ,8.3028,44.15629,,,"INSERT INTO activities SET `user_id`=3, `type_id`=1, `date`='2019-8-8', `sum`=1;"
168,b44f3d4a-e281-46d4-8f5c-b45b165913d8,08.08.2019 20:08,08.08.2019,,08.08.2019 20:08,,3,michele,2,sport,yoga,07.08.2019 00:00,07.08.2019,,Yoga mit mady Ferien ,8.3028,44.15629,,,"INSERT INTO activities SET `user_id`=3, `type_id`=2, `date`='2019-8-7', `sum`=1;"
169,adac3a04-4396-404a-8001-2ef4e998c8af,08.08.2019 20:08,08.08.2019,,08.08.2019 20:08,,3,michele,1,bier,,07.08.2019 00:00,07.08.2019,,1 bier Ferien ,8.3028,44.15629,,,"INSERT INTO activities SET `user_id`=3, `type_id`=1, `date`='2019-8-7', `sum`=1;"
170,98a69806-5a3e-4c38-8b8d-2331cd8099c6,08.08.2019 20:11,08.08.2019,,08.08.2019 20:11,,3,michele,1,bier,,25.07.2019,25.07.2019,,Büro brätle,7.62451,47.05485,,,"INSERT INTO activities SET `user_id`=3, `type_id`=1, `date`='2019-7-25', `sum`=1;"
171,732feb70-367b-4cbf-8cd3-082a279af0c6,08.08.2019 20:12,08.08.2019,,08.08.2019 20:12,,3,michele,2,sport,radfahren,25.07.2019,25.07.2019,,Ins Büro gefahren ebike,7.23222,46.60289,,,"INSERT INTO activities SET `user_id`=3, `type_id`=2, `date`='2019-7-25', `sum`=1;"
172,c30a0d32-8436-4e39-82da-5c1962718606,08.08.2019 20:13,08.08.2019,,08.08.2019 20:13,,3,michele,2,sport,radfahren,25.07.2019,25.07.2019,,Nach Hause gefahren ebike 26km,7.23222,46.60289,,,"INSERT INTO activities SET `user_id`=3, `type_id`=2, `date`='2019-7-25', `sum`=1;"
173,fafee717-7f04-45ff-8dca-f2a25e87a5a7,08.08.2019 20:14,08.08.2019,,08.08.2019 20:14,,3,michele,1,bier,,25.07.2019,25.07.2019,,Zu hause,7.23222,46.60289,,,"INSERT INTO activities SET `user_id`=3, `type_id`=1, `date`='2019-7-25', `sum`=1;"
174,e9eafd2b-a953-4442-833d-e7180ec2776a,08.08.2019 20:17,08.08.2019,,08.08.2019 20:17,,3,michele,1,bier,,31.07.2019,31.07.2019,,Bier zu Hause ,7.23222,46.60289,,,"INSERT INTO activities SET `user_id`=3, `type_id`=1, `date`='2019-7-31', `sum`=1;"
175,5a295bd7-b595-4c3e-85f6-51278f4e1c88,08.11.2019 11:07,08.11.2019,,08.11.2019 11:07,,3,michele,1,bier,,09.08.2019 00:00,09.08.2019,,Bier wein schnaps ferien,8.3028,44.15629,,,"INSERT INTO activities SET `user_id`=3, `type_id`=1, `date`='2019-8-9', `sum`=1;"
176,d9022416-aebd-46f6-8cd0-90d347e13916,08.11.2019 11:08,08.11.2019,,08.11.2019 11:08,,3,michele,2,sport,,09.08.2019 00:00,09.08.2019,,Tennis,8.3028,44.15629,,,"INSERT INTO activities SET `user_id`=3, `type_id`=2, `date`='2019-8-9', `sum`=1;"
177,9c0bf081-c32a-4597-8621-cc3d78c0928d,08.11.2019 11:08,08.11.2019,,08.11.2019 11:08,,3,michele,2,sport,yoga,11.08.2019 00:00,11.08.2019,,40 min mit mady,8.3028,44.15629,,,"INSERT INTO activities SET `user_id`=3, `type_id`=2, `date`='2019-8-11', `sum`=1;"
178,13280f5a-3640-45fe-8245-966a35cca7b1,8/14/2019 7:21:28 PM,#VALUE!,,8/14/2019 7:21:28 PM,,4,meike,1,bier,,29.07.2019,29.07.2019,,,805086.9306,5877494,,,"INSERT INTO activities SET `user_id`=4, `type_id`=1, `date`='2019-7-29', `sum`=1;"
179,a55fd5a1-c12a-4648-82ab-fa7da53f4da7,8/14/2019 7:22:20 PM,#VALUE!,,8/14/2019 7:22:20 PM,,4,meike,1,bier,,28.07.2019,28.07.2019,,,805086.9306,5877494,,,"INSERT INTO activities SET `user_id`=4, `type_id`=1, `date`='2019-7-28', `sum`=1;"
180,d0259a34-ee09-4a47-8240-410f7a2c0923,8/14/2019 7:23:19 PM,#VALUE!,,8/14/2019 7:23:19 PM,,4,meike,2,sport,,28.07.2019,28.07.2019,,Surfen,805086.9306,5877494,,,"INSERT INTO activities SET `user_id`=4, `type_id`=2, `date`='2019-7-28', `sum`=1;"
181,138726b9-ffaa-4c39-8732-3b0fcb48880a,8/14/2019 7:24:10 PM,#VALUE!,,8/14/2019 7:24:10 PM,,4,meike,2,sport,,29.07.2019,29.07.2019,,Surfen,805086.9306,5877494,,,"INSERT INTO activities SET `user_id`=4, `type_id`=2, `date`='2019-7-29', `sum`=1;"
182,3ec0dfce-4778-4df8-83c3-8e9de1109966,8/14/2019 7:24:31 PM,#VALUE!,,8/14/2019 7:24:31 PM,,4,meike,1,bier,,29.07.2019,29.07.2019,,,805086.9306,5877494,,,"INSERT INTO activities SET `user_id`=4, `type_id`=1, `date`='2019-7-29', `sum`=1;"
183,32e98a12-73cf-4864-8979-d3853556c4f0,8/14/2019 7:25:46 PM,#VALUE!,,8/14/2019 7:25:46 PM,,4,meike,1,bier,,30.07.2019,30.07.2019,,,805086.9306,5877494,,,"INSERT INTO activities SET `user_id`=4, `type_id`=1, `date`='2019-7-30', `sum`=1;"
184,8205f803-2419-454d-8ba8-4b879ee26285,8/14/2019 7:26:02 PM,#VALUE!,,8/14/2019 7:26:02 PM,,4,meike,2,sport,yoga,14.08.2019,14.08.2019,,,805086.9306,5877494,,,"INSERT INTO activities SET `user_id`=4, `type_id`=2, `date`='2019-8-14', `sum`=1;"
185,69ac9229-9d1f-4a45-801d-afdaeb0dbd64,8/14/2019 7:26:30 PM,#VALUE!,,8/14/2019 7:26:30 PM,,4,meike,2,sport,yoga,30.07.2019,30.07.2019,,,805086.9306,5877494,,,"INSERT INTO activities SET `user_id`=4, `type_id`=2, `date`='2019-7-30', `sum`=1;"
186,2701450e-c0e2-4fc5-840d-86be79f2a130,8/14/2019 7:26:58 PM,#VALUE!,,8/14/2019 7:26:58 PM,,4,meike,1,bier,,31.07.2019,31.07.2019,,,805086.9306,5877494,,,"INSERT INTO activities SET `user_id`=4, `type_id`=1, `date`='2019-7-31', `sum`=1;"
187,9191bd97-afc0-46d1-8054-883ff75a5b8f,8/14/2019 7:27:18 PM,#VALUE!,,8/14/2019 7:27:18 PM,,4,meike,2,sport,,31.07.2019,31.07.2019,,Surfen,805086.9306,5877494,,,"INSERT INTO activities SET `user_id`=4, `type_id`=2, `date`='2019-7-31', `sum`=1;"
188,37fc5e31-f66d-456f-8545-a47f68fb30ed,8/14/2019 7:27:49 PM,#VALUE!,,8/14/2019 7:27:49 PM,,4,meike,1,bier,,01.08.2019 00:00,01.08.2019,,,805086.9306,5877494,,,"INSERT INTO activities SET `user_id`=4, `type_id`=1, `date`='2019-8-1', `sum`=1;"
189,71875f20-7918-4278-8733-bfa9e119f82f,8/14/2019 7:28:14 PM,#VALUE!,,8/14/2019 7:28:14 PM,,4,meike,2,sport,yoga,01.08.2019 00:00,01.08.2019,,,805086.9306,5877494,,,"INSERT INTO activities SET `user_id`=4, `type_id`=2, `date`='2019-8-1', `sum`=1;"
190,6fc867d7-cf4f-431e-8431-42ec72d7e348,8/14/2019 7:28:38 PM,#VALUE!,,8/14/2019 7:28:38 PM,,4,meike,1,bier,,02.08.2019 00:00,02.08.2019,,,805086.9306,5877494,,,"INSERT INTO activities SET `user_id`=4, `type_id`=1, `date`='2019-8-2', `sum`=1;"
191,052a5d82-b484-42ae-8ff8-5ee8e4d633d0,8/14/2019 7:28:59 PM,#VALUE!,,8/14/2019 7:28:59 PM,,4,meike,2,sport,,02.08.2019 00:00,02.08.2019,,Surfen,805086.9306,5877494,,,"INSERT INTO activities SET `user_id`=4, `type_id`=2, `date`='2019-8-2', `sum`=1;"
192,9083a441-76ca-407b-8c46-3c40d406109a,8/14/2019 7:29:22 PM,#VALUE!,,8/14/2019 7:29:22 PM,,4,meike,2,sport,,02.08.2019 00:00,02.08.2019,,Surfen ,805086.9306,5877494,,,"INSERT INTO activities SET `user_id`=4, `type_id`=2, `date`='2019-8-2', `sum`=1;"
193,73fa81ee-8851-4d9d-82d0-982150757dd7,8/14/2019 7:30:01 PM,#VALUE!,,8/14/2019 7:30:01 PM,,4,meike,2,sport,,03.08.2019 00:00,03.08.2019,,Surfen ,805086.9306,5877494,,,"INSERT INTO activities SET `user_id`=4, `type_id`=2, `date`='2019-8-3', `sum`=1;"
194,5a15b6e6-f11a-4b8c-8554-434ac57afbc6,8/14/2019 7:30:18 PM,#VALUE!,,8/14/2019 7:30:18 PM,,4,meike,1,bier,,03.08.2019 00:00,03.08.2019,,,805086.9306,5877494,,,"INSERT INTO activities SET `user_id`=4, `type_id`=1, `date`='2019-8-3', `sum`=1;"
195,655c6a83-8e54-45c9-88e4-eba218ca6833,8/14/2019 7:30:37 PM,#VALUE!,,8/14/2019 7:30:37 PM,,4,meike,1,bier,,04.08.2019 00:00,04.08.2019,,,805086.9306,5877494,,,"INSERT INTO activities SET `user_id`=4, `type_id`=1, `date`='2019-8-4', `sum`=1;"
196,1556e16e-7103-448d-8405-52effa30f2ce,8/14/2019 7:32:04 PM,#VALUE!,,8/14/2019 7:32:04 PM,,4,meike,1,bier,,09.08.2019 00:00,09.08.2019,,,805086.9306,5877494,,,"INSERT INTO activities SET `user_id`=4, `type_id`=1, `date`='2019-8-9', `sum`=1;"
197,6a323ea7-fbc2-461f-8e7e-809ef258ccb6,8/14/2019 7:32:32 PM,#VALUE!,,8/14/2019 7:32:32 PM,,4,meike,1,bier,,09.08.2019 00:00,09.08.2019,,,805086.9306,5877494,,,"INSERT INTO activities SET `user_id`=4, `type_id`=1, `date`='2019-8-9', `sum`=1;"
198,f3681d1c-82a6-47ce-8e5f-855292d4a8b0,8/14/2019 7:33:25 PM,#VALUE!,,8/14/2019 7:33:25 PM,,4,meike,2,sport,,11.08.2019 00:00,11.08.2019,,Korbball ,805086.9306,5877494,,,"INSERT INTO activities SET `user_id`=4, `type_id`=2, `date`='2019-8-11', `sum`=1;"
199,536867a9-67f1-4008-88c7-debadd4e2a2a,8/14/2019 7:33:43 PM,#VALUE!,,8/14/2019 7:33:43 PM,,4,meike,2,sport,,11.08.2019 00:00,11.08.2019,,Korbball ,805086.9306,5877494,,,"INSERT INTO activities SET `user_id`=4, `type_id`=2, `date`='2019-8-11', `sum`=1;"
200,13053213-bb76-4fcb-8b78-74423059cdf3,8/14/2019 7:33:55 PM,#VALUE!,,8/14/2019 7:33:55 PM,,4,meike,1,bier,,11.08.2019 00:00,11.08.2019,,,805086.9306,5877494,,,"INSERT INTO activities SET `user_id`=4, `type_id`=1, `date`='2019-8-11', `sum`=1;"
201,1cfa733f-3748-4368-8a90-c1c69688df3c,8/14/2019 7:34:09 PM,#VALUE!,,8/14/2019 7:34:09 PM,,4,meike,1,bier,,12.08.2019 00:00,12.08.2019,,,805086.9306,5877494,,,"INSERT INTO activities SET `user_id`=4, `type_id`=1, `date`='2019-8-12', `sum`=1;"
202,7180b6b6-aef9-4fad-8820-4b5c26fe8e55,8/14/2019 7:34:27 PM,#VALUE!,,8/14/2019 7:34:27 PM,,4,meike,2,sport,schwimmen,13.08.2019,13.08.2019,,,805086.9306,5877494,,,"INSERT INTO activities SET `user_id`=4, `type_id`=2, `date`='2019-8-13', `sum`=1;"
203,4ec049c9-3154-4216-82aa-7bbba3eac675,8/16/2019 12:52:03 PM,#VALUE!,,8/16/2019 12:52:03 PM,,4,meike,2,sport,,16.08.2019,16.08.2019,,BBP,805086.9306,5877494,,,"INSERT INTO activities SET `user_id`=4, `type_id`=2, `date`='2019-8-16', `sum`=1;"
204,502fd3a2-4991-4a84-85b3-e1d821e6013b,8/16/2019 3:20:33 PM,#VALUE!,,8/16/2019 3:20:33 PM,,1,nora,1,bier,,29.07.2019,29.07.2019,,,7.23222,46.60289,,,"INSERT INTO activities SET `user_id`=1, `type_id`=1, `date`='2019-7-29', `sum`=1;"
205,bb789a89-90ba-4694-832c-61d1d3fe0700,8/16/2019 3:22:07 PM,#VALUE!,,8/16/2019 3:22:07 PM,,1,nora,2,sport,,30.07.2019,30.07.2019,,,7.23222,46.60289,,,"INSERT INTO activities SET `user_id`=1, `type_id`=2, `date`='2019-7-30', `sum`=1;"
206,d10d13f4-a35d-4afa-8705-df0a2e2aacf4,8/16/2019 3:22:44 PM,#VALUE!,,8/16/2019 3:22:44 PM,,1,nora,2,sport,yoga,30.07.2019,30.07.2019,,,7.23222,46.60289,,,"INSERT INTO activities SET `user_id`=1, `type_id`=2, `date`='2019-7-30', `sum`=1;"
207,6603b058-61fb-4fa4-8399-7be82a3f3f70,8/16/2019 3:23:22 PM,#VALUE!,,8/16/2019 3:23:22 PM,,1,nora,1,bier,,01.08.2019 00:00,01.08.2019,,,7.23222,46.60289,,,"INSERT INTO activities SET `user_id`=1, `type_id`=1, `date`='2019-8-1', `sum`=1;"
208,4de54ef8-0e90-4284-8e05-1d9a81c7fa02,8/16/2019 3:23:52 PM,#VALUE!,,8/16/2019 3:23:52 PM,,1,nora,2,sport,schwimmen,01.08.2019 00:00,01.08.2019,,,7.23222,46.60289,,,"INSERT INTO activities SET `user_id`=1, `type_id`=2, `date`='2019-8-1', `sum`=1;"
209,88ffce87-71b7-4476-82d9-b005ecc12a79,8/17/2019 6:39:58 AM,#VALUE!,,8/17/2019 6:39:58 AM,,4,meike,1,bier,,16.08.2019,16.08.2019,,,805086.9306,5877494,,,"INSERT INTO activities SET `user_id`=4, `type_id`=1, `date`='2019-8-16', `sum`=1;"
210,8992119e-1a3f-4e35-82c7-16c7f4f9e6c2,8/17/2019 5:46:13 PM,#VALUE!,,8/17/2019 5:46:13 PM,,4,meike,2,sport,joggen,17.08.2019,17.08.2019,,,805086.9306,5877494,,,"INSERT INTO activities SET `user_id`=4, `type_id`=2, `date`='2019-8-17', `sum`=1;"
211,faf37307-1873-4410-804b-66455b607106,8/18/2019 7:11:39 AM,#VALUE!,,8/18/2019 7:11:39 AM,,1,nora,2,sport,,16.08.2019,16.08.2019,,,7.23222,46.60289,,,"INSERT INTO activities SET `user_id`=1, `type_id`=2, `date`='2019-8-16', `sum`=1;"
212,b2896644-eab7-4df7-8e08-c2ec6f9eef56,8/18/2019 7:11:59 AM,#VALUE!,,8/18/2019 7:11:59 AM,,1,nora,1,bier,,16.08.2019,16.08.2019,,,7.23222,46.60289,,,"INSERT INTO activities SET `user_id`=1, `type_id`=1, `date`='2019-8-16', `sum`=1;"
213,8fb4d74a-ee6b-4f43-8629-9b4f5956e4e2,8/18/2019 7:12:17 AM,#VALUE!,,8/18/2019 7:12:17 AM,,1,nora,1,bier,,15.08.2019,15.08.2019,,,7.23222,46.60289,,,"INSERT INTO activities SET `user_id`=1, `type_id`=1, `date`='2019-8-15', `sum`=1;"
214,29405c9e-b6dc-4413-8a49-1bab19b627ca,8/18/2019 7:14:27 AM,#VALUE!,,8/18/2019 7:14:27 AM,,1,nora,2,sport,,02.08.2019 00:00,02.08.2019,,,7.23222,46.60289,,,"INSERT INTO activities SET `user_id`=1, `type_id`=2, `date`='2019-8-2', `sum`=1;"
215,f66e2e2f-ec06-4656-85b3-717fbd90d3e8,8/18/2019 7:15:24 AM,#VALUE!,,8/18/2019 7:15:24 AM,,1,nora,1,bier,,07.08.2019 00:00,07.08.2019,,,7.23222,46.60289,,,"INSERT INTO activities SET `user_id`=1, `type_id`=1, `date`='2019-8-7', `sum`=1;"
216,53c2d07b-7b6d-4835-8974-833bdb1669f2,8/18/2019 7:15:53 AM,#VALUE!,,8/18/2019 7:15:53 AM,,1,nora,1,bier,,08.08.2019 00:00,08.08.2019,,,7.23222,46.60289,,,"INSERT INTO activities SET `user_id`=1, `type_id`=1, `date`='2019-8-8', `sum`=1;"
217,423698c8-9df1-48df-8e7e-e0a313860800,8/18/2019 7:16:39 AM,#VALUE!,,8/18/2019 7:16:39 AM,,1,nora,2,sport,,14.08.2019,14.08.2019,,,7.23222,46.60289,,,"INSERT INTO activities SET `user_id`=1, `type_id`=2, `date`='2019-8-14', `sum`=1;"
218,de68a3cb-9088-434a-885c-d78d424050b5,8/21/2019 6:21:58 PM,#VALUE!,,8/21/2019 6:21:58 PM,,1,nora,1,bier,,19.08.2019,19.08.2019,,,7.23222,46.60289,,,"INSERT INTO activities SET `user_id`=1, `type_id`=1, `date`='2019-8-19', `sum`=1;"
219,4354307c-173b-4c24-80f8-a3a918e9e11e,8/21/2019 6:22:47 PM,#VALUE!,,8/21/2019 6:22:47 PM,,4,meike,2,sport,,19.08.2019,19.08.2019,,,7.23222,46.60289,,,"INSERT INTO activities SET `user_id`=4, `type_id`=2, `date`='2019-8-19', `sum`=1;"
220,bcaddb88-837c-4f69-8e11-9e233fa33525,8/21/2019 6:23:04 PM,#VALUE!,,8/21/2019 6:23:04 PM,,4,meike,2,sport,joggen,20.08.2019,20.08.2019,,,7.23222,46.60289,,,"INSERT INTO activities SET `user_id`=4, `type_id`=2, `date`='2019-8-20', `sum`=1;"
221,550d6cad-e337-48f9-899d-d4df35321c1f,8/21/2019 6:23:24 PM,#VALUE!,,8/21/2019 6:23:24 PM,,4,meike,2,sport,joggen,20.08.2019,20.08.2019,,,7.23222,46.60289,,,"INSERT INTO activities SET `user_id`=4, `type_id`=2, `date`='2019-8-20', `sum`=1;"
222,1e5f5cdc-e5e2-4e9a-8ac4-ae629f37d760,8/21/2019 6:23:37 PM,#VALUE!,,8/21/2019 6:23:37 PM,,4,meike,1,bier,,20.08.2019,20.08.2019,,,7.23222,46.60289,,,"INSERT INTO activities SET `user_id`=4, `type_id`=1, `date`='2019-8-20', `sum`=1;"
223,69e94c75-40b5-44d4-8342-14d4d419a7af,8/25/2019 12:18:26 PM,#VALUE!,,8/25/2019 12:18:26 PM,,1,nora,1,bier,,22.08.2019,22.08.2019,,,7.23222,46.60289,,,"INSERT INTO activities SET `user_id`=1, `type_id`=1, `date`='2019-8-22', `sum`=1;"
224,a832e094-3edc-4ad1-84fc-45c48dd78d8f,8/25/2019 12:18:52 PM,#VALUE!,,8/25/2019 12:18:52 PM,,1,nora,2,sport,,24.08.2019,24.08.2019,,,7.23222,46.60289,,,"INSERT INTO activities SET `user_id`=1, `type_id`=2, `date`='2019-8-24', `sum`=1;"
